{
    "src/addons/Olakunlevpn/JobSystem/addon.json": "5e87a9ead15e4c748241b5975c2101408a5e018a623be0841a4d338d8d259d48",
    "src/addons/Olakunlevpn/JobSystem/Admin/Controller/Job.php": "3a0e83b84dc2f4101ed39bdcaaafa027435e7402a2d90d87fdab648a4b98ee0f",
    "src/addons/Olakunlevpn/JobSystem/Admin/Controller/Submission.php": "127cb34dd67b037e67eb8725600648435f75e96ac8a50b5d8ee4aa2ed76b9183",
    "src/addons/Olakunlevpn/JobSystem/Alert/ApplicationHandler.php": "4b3c43dc771008753a9d88b8f4f91c7472433a343300f873e6c03978f970c0cb",
    "src/addons/Olakunlevpn/JobSystem/Alert/JobHandler.php": "0248d18cb6514f8ebd1b9d48e7df91be185a4908b20f1f73013b2efe439eb6b3",
    "src/addons/Olakunlevpn/JobSystem/Alert/WithdrawRequest.php": "29bef2a3031590563cc94ac4556475b5567f540f611bfb00cb5e3cdc1376224f",
    "src/addons/Olakunlevpn/JobSystem/ApprovalQueue/Application.php": "d47d2c5c83dc92bcfec2a9d970a3ab8ae27f4543b43f329dc857a1948b529dec",
    "src/addons/Olakunlevpn/JobSystem/ApprovalQueue/WithdrawRequest.php": "1e6be1ee9079b24ea6ad80ce071aa827e96cfda05c864615bf3b53004c2bb790",
    "src/addons/Olakunlevpn/JobSystem/Attachment/Submission.php": "0a9e4cc81f413eff9490813a3c8a07cd4192ef109b7a6f43f11db7a3ca3d9f12",
    "src/addons/Olakunlevpn/JobSystem/Entity/Application.php": "187729c789560084cf7e0271d5be74eb0fe1f90c95a8c66c12a22492b2478589",
    "src/addons/Olakunlevpn/JobSystem/Entity/Job.php": "5702d48351397b1d54e085b8f5f7ceeeb6ade6c67721cf204c216ec01853f8b3",
    "src/addons/Olakunlevpn/JobSystem/Entity/Submission.php": "d9b7fa281a66e068b0e4637df93d69ca2692c473bd1d6453776e871255d783a5",
    "src/addons/Olakunlevpn/JobSystem/Entity/WithdrawRequest.php": "51bbea11f3be8894bab496146bfd8f26f4d25665f33c0b6db75d6c3e6f00ef64",
    "src/addons/Olakunlevpn/JobSystem/Helper/JobSystemHelper.php": "7a21840b611ac2345ffa3894901c90842d710be8b2e0f8a7190445a412aba82a",
    "src/addons/Olakunlevpn/JobSystem/icon.png": "6c25163ec2fea356a44bc730d8eaab649b0dafcd93fbb068633da60062745aa9",
    "src/addons/Olakunlevpn/JobSystem/Listener.php": "fd055ac278f2424f6508d15cc1f4d5d862a8b0089a2b096f0ecf39b0b80f4c41",
    "src/addons/Olakunlevpn/JobSystem/Pub/Controller/Job.php": "059846687e50d0538a40ba2f18d0e5a56fa43153fb84bbd6e020423c664e777e",
    "src/addons/Olakunlevpn/JobSystem/README.md": "4091e0b9419689fbdd8fdc01bd74539c389b0d072dcbdb3f052d85740b2fb6c0",
    "src/addons/Olakunlevpn/JobSystem/Repository/Application.php": "1c6d8484e645096d2ba781734684257257a49b668bbe47f21b4effb55ece222a",
    "src/addons/Olakunlevpn/JobSystem/Repository/Job.php": "3208e3fe6f3d37e5d3beaa3d9809b6c747ac2f369e17fbe0390dcd9070d78fe8",
    "src/addons/Olakunlevpn/JobSystem/Repository/Submission.php": "7ccb41ac219deeb295f5f635d3bf961bbfaa58317d2e43ed7053b6bed441419d",
    "src/addons/Olakunlevpn/JobSystem/Repository/Transaction.php": "fc6334288a64f809d42f3666a888951bf0c6f9f57da9154b41aa01e874ba59bd",
    "src/addons/Olakunlevpn/JobSystem/Service/JobSystemNotificationService.php": "6bf55b2737eba4c524adbbe1192f1d513255302a1264582449be073279356625",
    "src/addons/Olakunlevpn/JobSystem/Setup.php": "85109dcf68d693cebfb82184acd93e6c6548a9b828b7ae9ba1d85a85cda7e23f",
    "src/addons/Olakunlevpn/JobSystem/Traits/JobSystemPermissionsTrait.php": "3282efbb7f22162ba0fac2053593505fd049ab6aed3444c291a6d960658c33f5",
    "src/addons/Olakunlevpn/JobSystem/Traits/JobSystemRepositoriesTrait.php": "62c8dbcf8fe201e18ea02d0ab7102df67d773ffc3f497125fd2373c9da6a38dd",
    "src/addons/Olakunlevpn/JobSystem/XF/Entity/User.php": "0c63a3653850215db36f68b4a7b9caf33307ad9a0cd177be524fc98c32c27413",
    "src/addons/Olakunlevpn/JobSystem/_data/activity_summary_definitions.xml": "99d8c2563a31320d66f958fc8bda78613545f5f7959bb3cf5318805e3a3c39d2",
    "src/addons/Olakunlevpn/JobSystem/_data/admin_navigation.xml": "fed6492a52b4cba70ac88d7d6570647da54e72c16885d8f6f9bb3c2c58aca135",
    "src/addons/Olakunlevpn/JobSystem/_data/admin_permission.xml": "ec6fb97cebf0bceb24f1ed1d5778c1db54eeb7535fbb3e31d824840e7aa9ff87",
    "src/addons/Olakunlevpn/JobSystem/_data/advertising_positions.xml": "d2f7cbe844bb1df3cf878d22ff6306249245c8ff6b0b87b9b729744bec538261",
    "src/addons/Olakunlevpn/JobSystem/_data/api_scopes.xml": "6793eaf758f140e8137187ba20e65f4faccf53410433ae3ad7a8b3b38cb6b3b7",
    "src/addons/Olakunlevpn/JobSystem/_data/bb_codes.xml": "faa4ddd5f4a365e5ac39aebdcbe2d25aedf74e7eb9ea4a812766e2fd5e13bdb1",
    "src/addons/Olakunlevpn/JobSystem/_data/bb_code_media_sites.xml": "29762987990187b33e43cfb68c08dc917b2d3f0176613d78f8e6c453f82da3f3",
    "src/addons/Olakunlevpn/JobSystem/_data/class_extensions.xml": "b77d155855b541976741d502e7e9330d3b505e2f718f3739093621bc861d4a08",
    "src/addons/Olakunlevpn/JobSystem/_data/code_events.xml": "8370dec3df47f91df4cf79da253446ad11b29f4ea568fe76c774e97a0379f0eb",
    "src/addons/Olakunlevpn/JobSystem/_data/code_event_listeners.xml": "93e51f0acf32ad0479005b950313c04369e4d8fe70552964848332b705094102",
    "src/addons/Olakunlevpn/JobSystem/_data/content_type_fields.xml": "b0a407afb436a07ea6d9af02a0b8f5015cf4489baf218896841e62f549946749",
    "src/addons/Olakunlevpn/JobSystem/_data/cron.xml": "323c4284742ef24329cd6db6f288eb9736d2353f36852e1db12591e1583aea26",
    "src/addons/Olakunlevpn/JobSystem/_data/help_pages.xml": "a8a0c0b06cdc550438bc8a8d385af3e1e5ab3459877dfb934c1c31be59c89163",
    "src/addons/Olakunlevpn/JobSystem/_data/member_stats.xml": "89fb2b93ff1eca7a1f6f752248edf6090dfd24037db1446fd18ff7143f08124d",
    "src/addons/Olakunlevpn/JobSystem/_data/navigation.xml": "c32cd31ed30d61abc6f80406aeb90ac1c3203cba9a89bd02b63ff5ee3fb4193a",
    "src/addons/Olakunlevpn/JobSystem/_data/options.xml": "eec48802826911c947eba26d840cbfa0dd549c8ded8c26fe998a22d29ed8c3ef",
    "src/addons/Olakunlevpn/JobSystem/_data/option_groups.xml": "c1aa8d23920adcf8b8130f6bf499ab833d97f836b8217c402ecfb730fdc58ba1",
    "src/addons/Olakunlevpn/JobSystem/_data/permissions.xml": "51a267500e84fb3a6229a841ffc7aa09c38c518c164bda54551087bd4e629c16",
    "src/addons/Olakunlevpn/JobSystem/_data/permission_interface_groups.xml": "0884f2f2ee689ebec175036feff74ad961a7b6e933d3b706b9fee154ce05aa08",
    "src/addons/Olakunlevpn/JobSystem/_data/phrases.xml": "957d6825bc2f8d54c17020f52a9234eaa6725cb6b38b9c722a047edd70e7ad8b",
    "src/addons/Olakunlevpn/JobSystem/_data/routes.xml": "b144b556a3f98bba760680e8d6a0e0a9c84447f823486a3f62f4f94450e4a052",
    "src/addons/Olakunlevpn/JobSystem/_data/style_properties.xml": "8b8690a8512f01f219dd2da76e3d0c5f62afc1f317b87794a7331c859c36a7a8",
    "src/addons/Olakunlevpn/JobSystem/_data/style_property_groups.xml": "68e1879cb3846c42d978487aa8d5145ff3335fc39e58016878824d5cf3fd684c",
    "src/addons/Olakunlevpn/JobSystem/_data/templates.xml": "ae0cc54cbd13cd88739c3c517e33e0155db42681f63c5b3b3da11b67b9afd76d",
    "src/addons/Olakunlevpn/JobSystem/_data/template_modifications.xml": "82fdb04c1bf8c085eb446635a759ae3446394d761a9b820bd5945324fc1b8470",
    "src/addons/Olakunlevpn/JobSystem/_data/widget_definitions.xml": "37e46965256430f24004c2e7f08ba08f9b0d1cbcc4d70e84b3f4e3ffb713e64b",
    "src/addons/Olakunlevpn/JobSystem/_data/widget_positions.xml": "a29cee66134f6bc5d75ed9df1eef21096c24401915c5b5c774389c3d7bb2d5b3"
}