<?xml version="1.0" encoding="utf-8"?>
<navigation>
  <navigation_entry navigation_id="OlakunlevpnJobSystem" display_order="2000" navigation_type_id="basic" enabled="1"><![CDATA[{"link":"{{ link('jobs') }}","display_condition":"","extra_attributes":[]}]]></navigation_entry>
  <navigation_entry navigation_id="OlakunlevpnJobSystemCompleted" parent_navigation_id="OlakunlevpnJobSystem" display_order="30" navigation_type_id="basic" enabled="1"><![CDATA[{"link":"{{ link('jobs\/completed') }}","display_condition":"","extra_attributes":[]}]]></navigation_entry>
  <navigation_entry navigation_id="OlakunlevpnJobSystemList" parent_navigation_id="OlakunlevpnJobSystem" display_order="10" navigation_type_id="basic" enabled="1"><![CDATA[{"link":"{{ link('jobs\/list') }}","display_condition":"","extra_attributes":[]}]]></navigation_entry>
  <navigation_entry navigation_id="OlakunlevpnJobSystemPending" parent_navigation_id="OlakunlevpnJobSystem" display_order="20" navigation_type_id="basic" enabled="1"><![CDATA[{"link":"{{ link('jobs\/pending') }}","display_condition":"","extra_attributes":[]}]]></navigation_entry>
</navigation>
