<?xml version="1.0" encoding="utf-8"?>
<phrases>
  <phrase title="admin_navigation.SubmissionList" version_id="1000010" version_string="1.0.0 Alpha"><![CDATA[Job Submissions]]></phrase>
  <phrase title="admin_navigation.jobs" version_id="1000010" version_string="1.0.0 Alpha"><![CDATA[Jobs]]></phrase>
  <phrase title="admin_navigation.jobsAdd" version_id="1000010" version_string="1.0.0 Alpha"><![CDATA[Job Add]]></phrase>
  <phrase title="admin_navigation.jobsList" version_id="1000010" version_string="1.0.0 Alpha"><![CDATA[Job List]]></phrase>
  <phrase title="nav.OlakunlevpnJobSystem" version_id="1000010" version_string="1.0.0 Alpha"><![CDATA[Jobs]]></phrase>
  <phrase title="nav.OlakunlevpnJobSystemCompleted" version_id="1000010" version_string="1.0.0 Alpha"><![CDATA[Completed Job]]></phrase>
  <phrase title="nav.OlakunlevpnJobSystemList" version_id="1000010" version_string="1.0.0 Alpha"><![CDATA[Available Jobs]]></phrase>
  <phrase title="nav.OlakunlevpnJobSystemPending" version_id="1000010" version_string="1.0.0 Alpha"><![CDATA[Pending Jobs]]></phrase>
  <phrase title="option_group.jobSystemOptions" version_id="1000010" version_string="1.0.0 Alpha"><![CDATA[Job System Settings]]></phrase>
  <phrase title="option_group_description.jobSystemOptions" version_id="1000010" version_string="1.0.0 Alpha"><![CDATA[Manage various settings for the Job System.]]></phrase>
</phrases>
