{
    "src/addons/Olakunlevpn/JobSystem/addon.json": "ffd9c281785057a26a12fc6701379da36a2a6969071cf36834e293adaef09a4b",
    "src/addons/Olakunlevpn/JobSystem/Admin/Controller/Job.php": "8f89795896998dd6166c62b202927b060201571b6ebe0cbf8458ea8771a41827",
    "src/addons/Olakunlevpn/JobSystem/Admin/Controller/Submission.php": "fb31b52881d5a860ddfb78eba6e0a2d4ecc3635a5f0ec083269f2f8039ba7094",
    "src/addons/Olakunlevpn/JobSystem/Alert/JobHandler.php": "19b5f4b109154d1ae714935be8d21ef185333ee8c9ba4af9a3a123632db83afd",
    "src/addons/Olakunlevpn/JobSystem/Alert/WithdrawRequest.php": "29bef2a3031590563cc94ac4556475b5567f540f611bfb00cb5e3cdc1376224f",
    "src/addons/Olakunlevpn/JobSystem/ApprovalQueue/WithdrawRequest.php": "1e6be1ee9079b24ea6ad80ce071aa827e96cfda05c864615bf3b53004c2bb790",
    "src/addons/Olakunlevpn/JobSystem/Attachment/Submission.php": "959cfd0183a41fca51c9ab086e13a8a111e059dce6a4dac16908d93f74ff8880",
    "src/addons/Olakunlevpn/JobSystem/Entity/Job.php": "ff5a89d9882085541953a64cad82ea32df66f34fbd7a8a137e073744fcf8bfdc",
    "src/addons/Olakunlevpn/JobSystem/Entity/Submission.php": "249e3efef712a4fb11b3f4dffcd15b8de97ced316e85adfe428035a79d7cdd57",
    "src/addons/Olakunlevpn/JobSystem/Entity/WithdrawRequest.php": "28f396c9273f9856695a847275772348c796d5f23fa2c880f498b953652da941",
    "src/addons/Olakunlevpn/JobSystem/icon.png": "6c25163ec2fea356a44bc730d8eaab649b0dafcd93fbb068633da60062745aa9",
    "src/addons/Olakunlevpn/JobSystem/Listener.php": "d9b70f897339e4b3ab2767a0425440a25f3d1ff98c56665bfed93d406bf2c572",
    "src/addons/Olakunlevpn/JobSystem/Pub/Controller/Job.php": "283830cfeab958d7cf925e0b4491d87386acd22f4dd12dd0bafb8aa1c6dd0342",
    "src/addons/Olakunlevpn/JobSystem/Repository/Job.php": "41e3085bc89abf51de8975d18b3bad0418ca267460424b1faad1407dfd2ebf57",
    "src/addons/Olakunlevpn/JobSystem/Repository/Submission.php": "7ccb41ac219deeb295f5f635d3bf961bbfaa58317d2e43ed7053b6bed441419d",
    "src/addons/Olakunlevpn/JobSystem/Setup.php": "af7607953a77a145787fdd3b49412423f0249d91713f97c134a446004631aab1",
    "src/addons/Olakunlevpn/JobSystem/_data/activity_summary_definitions.xml": "99d8c2563a31320d66f958fc8bda78613545f5f7959bb3cf5318805e3a3c39d2",
    "src/addons/Olakunlevpn/JobSystem/_data/admin_navigation.xml": "ab16a1449dbe42ce7978e1083990e1a24f1022297206943ecdbc99a248d5248e",
    "src/addons/Olakunlevpn/JobSystem/_data/admin_permission.xml": "ec6fb97cebf0bceb24f1ed1d5778c1db54eeb7535fbb3e31d824840e7aa9ff87",
    "src/addons/Olakunlevpn/JobSystem/_data/advertising_positions.xml": "d2f7cbe844bb1df3cf878d22ff6306249245c8ff6b0b87b9b729744bec538261",
    "src/addons/Olakunlevpn/JobSystem/_data/api_scopes.xml": "6793eaf758f140e8137187ba20e65f4faccf53410433ae3ad7a8b3b38cb6b3b7",
    "src/addons/Olakunlevpn/JobSystem/_data/bb_codes.xml": "faa4ddd5f4a365e5ac39aebdcbe2d25aedf74e7eb9ea4a812766e2fd5e13bdb1",
    "src/addons/Olakunlevpn/JobSystem/_data/bb_code_media_sites.xml": "29762987990187b33e43cfb68c08dc917b2d3f0176613d78f8e6c453f82da3f3",
    "src/addons/Olakunlevpn/JobSystem/_data/class_extensions.xml": "1f548b8006e9952a3f5889f71e09fdfa6726ac1a47c1af7b2626d1a88920d5a4",
    "src/addons/Olakunlevpn/JobSystem/_data/code_events.xml": "8370dec3df47f91df4cf79da253446ad11b29f4ea568fe76c774e97a0379f0eb",
    "src/addons/Olakunlevpn/JobSystem/_data/code_event_listeners.xml": "d6b5072f4909dee7a20ee9e44b163f95c8aa52e6ac7f573e292000cd9238c331",
    "src/addons/Olakunlevpn/JobSystem/_data/content_type_fields.xml": "0993d708e0dcaef656f4d3e8ff0ca99a172fd919a1babfdb1f6466cea903c21b",
    "src/addons/Olakunlevpn/JobSystem/_data/cron.xml": "323c4284742ef24329cd6db6f288eb9736d2353f36852e1db12591e1583aea26",
    "src/addons/Olakunlevpn/JobSystem/_data/help_pages.xml": "a8a0c0b06cdc550438bc8a8d385af3e1e5ab3459877dfb934c1c31be59c89163",
    "src/addons/Olakunlevpn/JobSystem/_data/member_stats.xml": "89fb2b93ff1eca7a1f6f752248edf6090dfd24037db1446fd18ff7143f08124d",
    "src/addons/Olakunlevpn/JobSystem/_data/navigation.xml": "0bb51f987e7eb327cff95fa841f9ecc6775658ade04ce02c992752526ad56d92",
    "src/addons/Olakunlevpn/JobSystem/_data/options.xml": "0077b1c01820490e9285d4adaddb5c9ecb72459d4b8a6f5feae942bc229d10ed",
    "src/addons/Olakunlevpn/JobSystem/_data/option_groups.xml": "c1aa8d23920adcf8b8130f6bf499ab833d97f836b8217c402ecfb730fdc58ba1",
    "src/addons/Olakunlevpn/JobSystem/_data/permissions.xml": "7e4fc7d5826733d15ea2d8936b9bdd41afcaad810eb38e50da3c8d8eafda1550",
    "src/addons/Olakunlevpn/JobSystem/_data/permission_interface_groups.xml": "3177224e96458b829aa7fb24866dda9e0455a4922aee3d669b53f59a1ffdf5d1",
    "src/addons/Olakunlevpn/JobSystem/_data/phrases.xml": "fdae09a07dad9df32741669bbac813c68cf6d3701c7450a277736919b0c50319",
    "src/addons/Olakunlevpn/JobSystem/_data/routes.xml": "b144b556a3f98bba760680e8d6a0e0a9c84447f823486a3f62f4f94450e4a052",
    "src/addons/Olakunlevpn/JobSystem/_data/style_properties.xml": "8b8690a8512f01f219dd2da76e3d0c5f62afc1f317b87794a7331c859c36a7a8",
    "src/addons/Olakunlevpn/JobSystem/_data/style_property_groups.xml": "68e1879cb3846c42d978487aa8d5145ff3335fc39e58016878824d5cf3fd684c",
    "src/addons/Olakunlevpn/JobSystem/_data/templates.xml": "aaeb6072d3bf569a4226ac7a377efdfa95ebb5ca5060d8f9130c51d0ecb59ff9",
    "src/addons/Olakunlevpn/JobSystem/_data/template_modifications.xml": "3b54b7df00a6a4a18c5e012b6e2588e35c23aaa13a5fc227f08646a97590d778",
    "src/addons/Olakunlevpn/JobSystem/_data/widget_definitions.xml": "37e46965256430f24004c2e7f08ba08f9b0d1cbcc4d70e84b3f4e3ffb713e64b",
    "src/addons/Olakunlevpn/JobSystem/_data/widget_positions.xml": "a29cee66134f6bc5d75ed9df1eef21096c24401915c5b5c774389c3d7bb2d5b3"
}