{
    "src/addons/Olakunlevpn/JobSystem/addon.json": "b4d5613c622ca4b82b0d0d4ee68f00e71ee75ec254f6cbeb895d4e4aca8b167e",
    "src/addons/Olakunlevpn/JobSystem/Admin/Controller/Job.php": "ceaf54de6a42988f691491f37570cae9069f034d8b1deaefee27bf952931176e",
    "src/addons/Olakunlevpn/JobSystem/Admin/Controller/Submission.php": "d6002a2683317b1f6883e8de72f7b63eb09e0a3ae7dda03b256cd1d8ee66e6df",
    "src/addons/Olakunlevpn/JobSystem/Alert/ApplicationHandler.php": "2cea1e71d2ffcb999b7bcebdceda3a8fa729bf7b7cabb6fc6b58a638b2ab12eb",
    "src/addons/Olakunlevpn/JobSystem/Alert/JobHandler.php": "0248d18cb6514f8ebd1b9d48e7df91be185a4908b20f1f73013b2efe439eb6b3",
    "src/addons/Olakunlevpn/JobSystem/Alert/WithdrawRequest.php": "29bef2a3031590563cc94ac4556475b5567f540f611bfb00cb5e3cdc1376224f",
    "src/addons/Olakunlevpn/JobSystem/ApprovalQueue/Application.php": "d47d2c5c83dc92bcfec2a9d970a3ab8ae27f4543b43f329dc857a1948b529dec",
    "src/addons/Olakunlevpn/JobSystem/ApprovalQueue/WithdrawRequest.php": "1e6be1ee9079b24ea6ad80ce071aa827e96cfda05c864615bf3b53004c2bb790",
    "src/addons/Olakunlevpn/JobSystem/Attachment/Submission.php": "0a9e4cc81f413eff9490813a3c8a07cd4192ef109b7a6f43f11db7a3ca3d9f12",
    "src/addons/Olakunlevpn/JobSystem/Entity/Application.php": "187729c789560084cf7e0271d5be74eb0fe1f90c95a8c66c12a22492b2478589",
    "src/addons/Olakunlevpn/JobSystem/Entity/Job.php": "b2d77c0ece5930b27818692bbe30a942e3138aa7401f3004a5ac62c09c20ee89",
    "src/addons/Olakunlevpn/JobSystem/Entity/Submission.php": "d9b7fa281a66e068b0e4637df93d69ca2692c473bd1d6453776e871255d783a5",
    "src/addons/Olakunlevpn/JobSystem/Entity/WithdrawRequest.php": "51bbea11f3be8894bab496146bfd8f26f4d25665f33c0b6db75d6c3e6f00ef64",
    "src/addons/Olakunlevpn/JobSystem/Helper/JobSystemHelper.php": "45c1c16751662b040fa323d4e25835e10b2c1a31cc10414ec745408120c9fea2",
    "src/addons/Olakunlevpn/JobSystem/icon.png": "6c25163ec2fea356a44bc730d8eaab649b0dafcd93fbb068633da60062745aa9",
    "src/addons/Olakunlevpn/JobSystem/Listener.php": "d9b70f897339e4b3ab2767a0425440a25f3d1ff98c56665bfed93d406bf2c572",
    "src/addons/Olakunlevpn/JobSystem/Pub/Controller/Job.php": "a13b23112f5868fe51231d8e7c2b8916a067db3debf75a1e8ef9541dd9edd330",
    "src/addons/Olakunlevpn/JobSystem/Repository/Application.php": "1c6d8484e645096d2ba781734684257257a49b668bbe47f21b4effb55ece222a",
    "src/addons/Olakunlevpn/JobSystem/Repository/Job.php": "05b3860f1028ff30eba7911dd2f8e2ca144da5d9f37eb74df67cb871c75aac9a",
    "src/addons/Olakunlevpn/JobSystem/Repository/Submission.php": "7ccb41ac219deeb295f5f635d3bf961bbfaa58317d2e43ed7053b6bed441419d",
    "src/addons/Olakunlevpn/JobSystem/Service/JobSystemNotificationService.php": "707fe7c46955f04b3bb750c04eba928a036bb2168b8b6410a35aeb05124d0bad",
    "src/addons/Olakunlevpn/JobSystem/Setup.php": "2e0e2fed2dedea32e21f29a1282c98954e37902e47d207f345a0a02d040d400e",
    "src/addons/Olakunlevpn/JobSystem/Traits/JobSystemPermissionsTrait.php": "3282efbb7f22162ba0fac2053593505fd049ab6aed3444c291a6d960658c33f5",
    "src/addons/Olakunlevpn/JobSystem/Traits/JobSystemRepositoriesTrait.php": "62c8dbcf8fe201e18ea02d0ab7102df67d773ffc3f497125fd2373c9da6a38dd",
    "src/addons/Olakunlevpn/JobSystem/_data/activity_summary_definitions.xml": "99d8c2563a31320d66f958fc8bda78613545f5f7959bb3cf5318805e3a3c39d2",
    "src/addons/Olakunlevpn/JobSystem/_data/admin_navigation.xml": "fed6492a52b4cba70ac88d7d6570647da54e72c16885d8f6f9bb3c2c58aca135",
    "src/addons/Olakunlevpn/JobSystem/_data/admin_permission.xml": "ec6fb97cebf0bceb24f1ed1d5778c1db54eeb7535fbb3e31d824840e7aa9ff87",
    "src/addons/Olakunlevpn/JobSystem/_data/advertising_positions.xml": "d2f7cbe844bb1df3cf878d22ff6306249245c8ff6b0b87b9b729744bec538261",
    "src/addons/Olakunlevpn/JobSystem/_data/api_scopes.xml": "6793eaf758f140e8137187ba20e65f4faccf53410433ae3ad7a8b3b38cb6b3b7",
    "src/addons/Olakunlevpn/JobSystem/_data/bb_codes.xml": "faa4ddd5f4a365e5ac39aebdcbe2d25aedf74e7eb9ea4a812766e2fd5e13bdb1",
    "src/addons/Olakunlevpn/JobSystem/_data/bb_code_media_sites.xml": "29762987990187b33e43cfb68c08dc917b2d3f0176613d78f8e6c453f82da3f3",
    "src/addons/Olakunlevpn/JobSystem/_data/class_extensions.xml": "1f548b8006e9952a3f5889f71e09fdfa6726ac1a47c1af7b2626d1a88920d5a4",
    "src/addons/Olakunlevpn/JobSystem/_data/code_events.xml": "8370dec3df47f91df4cf79da253446ad11b29f4ea568fe76c774e97a0379f0eb",
    "src/addons/Olakunlevpn/JobSystem/_data/code_event_listeners.xml": "d6b5072f4909dee7a20ee9e44b163f95c8aa52e6ac7f573e292000cd9238c331",
    "src/addons/Olakunlevpn/JobSystem/_data/content_type_fields.xml": "b0a407afb436a07ea6d9af02a0b8f5015cf4489baf218896841e62f549946749",
    "src/addons/Olakunlevpn/JobSystem/_data/cron.xml": "323c4284742ef24329cd6db6f288eb9736d2353f36852e1db12591e1583aea26",
    "src/addons/Olakunlevpn/JobSystem/_data/help_pages.xml": "a8a0c0b06cdc550438bc8a8d385af3e1e5ab3459877dfb934c1c31be59c89163",
    "src/addons/Olakunlevpn/JobSystem/_data/member_stats.xml": "89fb2b93ff1eca7a1f6f752248edf6090dfd24037db1446fd18ff7143f08124d",
    "src/addons/Olakunlevpn/JobSystem/_data/navigation.xml": "a432a96d5accabab4bd3c12d54c3055ecf2a1ed55ba19f012055930f4fddd25e",
    "src/addons/Olakunlevpn/JobSystem/_data/options.xml": "6444e49f9766a775c09ed35c9949548bad749ef3f1d960569939a90c2e297853",
    "src/addons/Olakunlevpn/JobSystem/_data/option_groups.xml": "c1aa8d23920adcf8b8130f6bf499ab833d97f836b8217c402ecfb730fdc58ba1",
    "src/addons/Olakunlevpn/JobSystem/_data/permissions.xml": "aab31f864c00078d18caacdaf2952baac42188f0039cbd0d041950a67d6e5426",
    "src/addons/Olakunlevpn/JobSystem/_data/permission_interface_groups.xml": "d12fd59f3be1975799dfcbbe5276e33a90f5e2fca3cc7a596f293a4a76368b88",
    "src/addons/Olakunlevpn/JobSystem/_data/phrases.xml": "84885733b11c02c9988ba08c6eb1cd9d8bc22c090fa96ca19fc12e3048588ed3",
    "src/addons/Olakunlevpn/JobSystem/_data/routes.xml": "b144b556a3f98bba760680e8d6a0e0a9c84447f823486a3f62f4f94450e4a052",
    "src/addons/Olakunlevpn/JobSystem/_data/style_properties.xml": "8b8690a8512f01f219dd2da76e3d0c5f62afc1f317b87794a7331c859c36a7a8",
    "src/addons/Olakunlevpn/JobSystem/_data/style_property_groups.xml": "68e1879cb3846c42d978487aa8d5145ff3335fc39e58016878824d5cf3fd684c",
    "src/addons/Olakunlevpn/JobSystem/_data/templates.xml": "ba28178869524f6a0b7cbbb9b8b2af56baf367f4158bb1601dda64e64d7919b0",
    "src/addons/Olakunlevpn/JobSystem/_data/template_modifications.xml": "8ca398678b13d9387648b9fcfb3001a607c02a5a14f303a9c42be273661c2bae",
    "src/addons/Olakunlevpn/JobSystem/_data/widget_definitions.xml": "37e46965256430f24004c2e7f08ba08f9b0d1cbcc4d70e84b3f4e3ffb713e64b",
    "src/addons/Olakunlevpn/JobSystem/_data/widget_positions.xml": "a29cee66134f6bc5d75ed9df1eef21096c24401915c5b5c774389c3d7bb2d5b3"
}