{
    "src/addons/Olakunlevpn/JobSystem/addon.json": "b82c8698874bc3dbbd4ca468f146fdb8945d96f2c4c129408a135053e54f7cb0",
    "src/addons/Olakunlevpn/JobSystem/Admin/Controller/Job.php": "ceaf54de6a42988f691491f37570cae9069f034d8b1deaefee27bf952931176e",
    "src/addons/Olakunlevpn/JobSystem/Admin/Controller/Submission.php": "d6002a2683317b1f6883e8de72f7b63eb09e0a3ae7dda03b256cd1d8ee66e6df",
    "src/addons/Olakunlevpn/JobSystem/Alert/ApplicationHandler.php": "917876b5fe4d2eb2cdd867a9d0513ca774fca4efa22d232da1b407f1f15e202a",
    "src/addons/Olakunlevpn/JobSystem/Alert/JobHandler.php": "0248d18cb6514f8ebd1b9d48e7df91be185a4908b20f1f73013b2efe439eb6b3",
    "src/addons/Olakunlevpn/JobSystem/Alert/WithdrawRequest.php": "29bef2a3031590563cc94ac4556475b5567f540f611bfb00cb5e3cdc1376224f",
    "src/addons/Olakunlevpn/JobSystem/ApprovalQueue/Application.php": "d47d2c5c83dc92bcfec2a9d970a3ab8ae27f4543b43f329dc857a1948b529dec",
    "src/addons/Olakunlevpn/JobSystem/ApprovalQueue/WithdrawRequest.php": "1e6be1ee9079b24ea6ad80ce071aa827e96cfda05c864615bf3b53004c2bb790",
    "src/addons/Olakunlevpn/JobSystem/Attachment/Submission.php": "959cfd0183a41fca51c9ab086e13a8a111e059dce6a4dac16908d93f74ff8880",
    "src/addons/Olakunlevpn/JobSystem/Entity/Application.php": "0f2d903ae2d4d43f294649c156da2a03e5e63b949b1e302d19e1d33c9b489e5a",
    "src/addons/Olakunlevpn/JobSystem/Entity/Job.php": "31c57eb06d686fa5d5419b8f68d94c5b2e21838d4daf92de30d72f5c9c96eb2a",
    "src/addons/Olakunlevpn/JobSystem/Entity/Submission.php": "4da73c7ee1fa7eb59efd19d223a79a7e031de736494d244a81201649cdf90180",
    "src/addons/Olakunlevpn/JobSystem/Entity/WithdrawRequest.php": "28f396c9273f9856695a847275772348c796d5f23fa2c880f498b953652da941",
    "src/addons/Olakunlevpn/JobSystem/icon.png": "6c25163ec2fea356a44bc730d8eaab649b0dafcd93fbb068633da60062745aa9",
    "src/addons/Olakunlevpn/JobSystem/Listener.php": "d9b70f897339e4b3ab2767a0425440a25f3d1ff98c56665bfed93d406bf2c572",
    "src/addons/Olakunlevpn/JobSystem/Pub/Controller/Job.php": "07740aabcc3ac747185165e3924fd58296d683f222182651b63766b7724bc6ad",
    "src/addons/Olakunlevpn/JobSystem/Repository/Application.php": "1c6d8484e645096d2ba781734684257257a49b668bbe47f21b4effb55ece222a",
    "src/addons/Olakunlevpn/JobSystem/Repository/Job.php": "41e3085bc89abf51de8975d18b3bad0418ca267460424b1faad1407dfd2ebf57",
    "src/addons/Olakunlevpn/JobSystem/Repository/Submission.php": "7ccb41ac219deeb295f5f635d3bf961bbfaa58317d2e43ed7053b6bed441419d",
    "src/addons/Olakunlevpn/JobSystem/Setup.php": "63bdd06d7b6643aa7a0c16d3f3f486fab7b1c92ec3654906831f160a7f88e072",
    "src/addons/Olakunlevpn/JobSystem/_data/activity_summary_definitions.xml": "99d8c2563a31320d66f958fc8bda78613545f5f7959bb3cf5318805e3a3c39d2",
    "src/addons/Olakunlevpn/JobSystem/_data/admin_navigation.xml": "fed6492a52b4cba70ac88d7d6570647da54e72c16885d8f6f9bb3c2c58aca135",
    "src/addons/Olakunlevpn/JobSystem/_data/admin_permission.xml": "ec6fb97cebf0bceb24f1ed1d5778c1db54eeb7535fbb3e31d824840e7aa9ff87",
    "src/addons/Olakunlevpn/JobSystem/_data/advertising_positions.xml": "d2f7cbe844bb1df3cf878d22ff6306249245c8ff6b0b87b9b729744bec538261",
    "src/addons/Olakunlevpn/JobSystem/_data/api_scopes.xml": "6793eaf758f140e8137187ba20e65f4faccf53410433ae3ad7a8b3b38cb6b3b7",
    "src/addons/Olakunlevpn/JobSystem/_data/bb_codes.xml": "faa4ddd5f4a365e5ac39aebdcbe2d25aedf74e7eb9ea4a812766e2fd5e13bdb1",
    "src/addons/Olakunlevpn/JobSystem/_data/bb_code_media_sites.xml": "29762987990187b33e43cfb68c08dc917b2d3f0176613d78f8e6c453f82da3f3",
    "src/addons/Olakunlevpn/JobSystem/_data/class_extensions.xml": "1f548b8006e9952a3f5889f71e09fdfa6726ac1a47c1af7b2626d1a88920d5a4",
    "src/addons/Olakunlevpn/JobSystem/_data/code_events.xml": "8370dec3df47f91df4cf79da253446ad11b29f4ea568fe76c774e97a0379f0eb",
    "src/addons/Olakunlevpn/JobSystem/_data/code_event_listeners.xml": "d6b5072f4909dee7a20ee9e44b163f95c8aa52e6ac7f573e292000cd9238c331",
    "src/addons/Olakunlevpn/JobSystem/_data/content_type_fields.xml": "384a0512725230a84ac9948a5876ffcd4d920e7b433858a9fcbc131e674a45af",
    "src/addons/Olakunlevpn/JobSystem/_data/cron.xml": "323c4284742ef24329cd6db6f288eb9736d2353f36852e1db12591e1583aea26",
    "src/addons/Olakunlevpn/JobSystem/_data/help_pages.xml": "a8a0c0b06cdc550438bc8a8d385af3e1e5ab3459877dfb934c1c31be59c89163",
    "src/addons/Olakunlevpn/JobSystem/_data/member_stats.xml": "89fb2b93ff1eca7a1f6f752248edf6090dfd24037db1446fd18ff7143f08124d",
    "src/addons/Olakunlevpn/JobSystem/_data/navigation.xml": "0bb51f987e7eb327cff95fa841f9ecc6775658ade04ce02c992752526ad56d92",
    "src/addons/Olakunlevpn/JobSystem/_data/options.xml": "c7d12c64d2d8d0a24f4c24f4318b4f4864c56a0cad1f2d95ba9bed2b22868e4d",
    "src/addons/Olakunlevpn/JobSystem/_data/option_groups.xml": "c1aa8d23920adcf8b8130f6bf499ab833d97f836b8217c402ecfb730fdc58ba1",
    "src/addons/Olakunlevpn/JobSystem/_data/permissions.xml": "7e4fc7d5826733d15ea2d8936b9bdd41afcaad810eb38e50da3c8d8eafda1550",
    "src/addons/Olakunlevpn/JobSystem/_data/permission_interface_groups.xml": "3177224e96458b829aa7fb24866dda9e0455a4922aee3d669b53f59a1ffdf5d1",
    "src/addons/Olakunlevpn/JobSystem/_data/phrases.xml": "72acdaff20d428ba5debaf0db0f71e4fa696d0ef6ffc511e1a43d0ac0e10afb2",
    "src/addons/Olakunlevpn/JobSystem/_data/routes.xml": "b144b556a3f98bba760680e8d6a0e0a9c84447f823486a3f62f4f94450e4a052",
    "src/addons/Olakunlevpn/JobSystem/_data/style_properties.xml": "8b8690a8512f01f219dd2da76e3d0c5f62afc1f317b87794a7331c859c36a7a8",
    "src/addons/Olakunlevpn/JobSystem/_data/style_property_groups.xml": "68e1879cb3846c42d978487aa8d5145ff3335fc39e58016878824d5cf3fd684c",
    "src/addons/Olakunlevpn/JobSystem/_data/templates.xml": "8608be77c8bd5759e9ed9b27c1837e62ef54162a8d8efd3f333be3b685d09de4",
    "src/addons/Olakunlevpn/JobSystem/_data/template_modifications.xml": "8ca398678b13d9387648b9fcfb3001a607c02a5a14f303a9c42be273661c2bae",
    "src/addons/Olakunlevpn/JobSystem/_data/widget_definitions.xml": "37e46965256430f24004c2e7f08ba08f9b0d1cbcc4d70e84b3f4e3ffb713e64b",
    "src/addons/Olakunlevpn/JobSystem/_data/widget_positions.xml": "a29cee66134f6bc5d75ed9df1eef21096c24401915c5b5c774389c3d7bb2d5b3"
}