{
    "src/addons/Olakunlevpn/JobSystem/addon.json": "82b66f28f85e01f0b5efdd9653d2d54f6921a48ef90595c4e1345f03b9207ffe",
    "src/addons/Olakunlevpn/JobSystem/Admin/Controller/Job.php": "42f42a6ff0cdddc365a504a6f0992c65ef3be55f55b6e77efa8b15b59b11024f",
    "src/addons/Olakunlevpn/JobSystem/Admin/Controller/Submission.php": "254c7523f630bb9138f63262e383bad57d1cbb07310ea233f1015f864608a7ac",
    "src/addons/Olakunlevpn/JobSystem/Alert/ApplicationHandler.php": "4b3c43dc771008753a9d88b8f4f91c7472433a343300f873e6c03978f970c0cb",
    "src/addons/Olakunlevpn/JobSystem/Alert/JobHandler.php": "0248d18cb6514f8ebd1b9d48e7df91be185a4908b20f1f73013b2efe439eb6b3",
    "src/addons/Olakunlevpn/JobSystem/Alert/WithdrawRequest.php": "c6c3dd32f925616f7fa74ec108df99282d2c7398665f4ed558fdf8f91b23c81a",
    "src/addons/Olakunlevpn/JobSystem/ApprovalQueue/Application.php": "d47d2c5c83dc92bcfec2a9d970a3ab8ae27f4543b43f329dc857a1948b529dec",
    "src/addons/Olakunlevpn/JobSystem/ApprovalQueue/WithdrawRequest.php": "d8f2f86c0efc110aae610398f0f80a6349f6281fa51f8aaea498c2f5cfa44d12",
    "src/addons/Olakunlevpn/JobSystem/Attachment/Submission.php": "0a9e4cc81f413eff9490813a3c8a07cd4192ef109b7a6f43f11db7a3ca3d9f12",
    "src/addons/Olakunlevpn/JobSystem/Entity/Application.php": "187729c789560084cf7e0271d5be74eb0fe1f90c95a8c66c12a22492b2478589",
    "src/addons/Olakunlevpn/JobSystem/Entity/Job.php": "e1f0a372473df6a30d3ae956cd16f652c49e2361e74e7f03e09aedd7ae0ab139",
    "src/addons/Olakunlevpn/JobSystem/Entity/Submission.php": "d9b7fa281a66e068b0e4637df93d69ca2692c473bd1d6453776e871255d783a5",
    "src/addons/Olakunlevpn/JobSystem/Entity/WithdrawRequest.php": "735e68680f8433b046e2c806e8abec6712df128eb2d4ac6f54993b93a80c24de",
    "src/addons/Olakunlevpn/JobSystem/Helper/JobSystemHelper.php": "e86675f79528aee58988bc67bc3ac05cf5fa05e2a812ca7670159c71791597ac",
    "src/addons/Olakunlevpn/JobSystem/icon.png": "6c25163ec2fea356a44bc730d8eaab649b0dafcd93fbb068633da60062745aa9",
    "src/addons/Olakunlevpn/JobSystem/Listener.php": "fd055ac278f2424f6508d15cc1f4d5d862a8b0089a2b096f0ecf39b0b80f4c41",
    "src/addons/Olakunlevpn/JobSystem/Pub/Controller/Job.php": "16e9038146c3e3d66c2c7ae71e0cad918cb2f410f877d5fd64b109658dfc1eae",
    "src/addons/Olakunlevpn/JobSystem/README.md": "4091e0b9419689fbdd8fdc01bd74539c389b0d072dcbdb3f052d85740b2fb6c0",
    "src/addons/Olakunlevpn/JobSystem/Repository/Application.php": "1bfef9da5913d6f427bc3eabe19b76275999f07a2a6fa224f1d0de62df062c18",
    "src/addons/Olakunlevpn/JobSystem/Repository/Job.php": "3208e3fe6f3d37e5d3beaa3d9809b6c747ac2f369e17fbe0390dcd9070d78fe8",
    "src/addons/Olakunlevpn/JobSystem/Repository/Submission.php": "7ccb41ac219deeb295f5f635d3bf961bbfaa58317d2e43ed7053b6bed441419d",
    "src/addons/Olakunlevpn/JobSystem/Repository/Transaction.php": "fc6334288a64f809d42f3666a888951bf0c6f9f57da9154b41aa01e874ba59bd",
    "src/addons/Olakunlevpn/JobSystem/Service/JobSystemNotificationService.php": "6bf55b2737eba4c524adbbe1192f1d513255302a1264582449be073279356625",
    "src/addons/Olakunlevpn/JobSystem/Setup.php": "e4c10807d02979bcda2165dd0cc7f519844ba3a186d464261a690916d7559915",
    "src/addons/Olakunlevpn/JobSystem/Traits/JobSystemPermissionsTrait.php": "3282efbb7f22162ba0fac2053593505fd049ab6aed3444c291a6d960658c33f5",
    "src/addons/Olakunlevpn/JobSystem/Traits/JobSystemRepositoriesTrait.php": "62c8dbcf8fe201e18ea02d0ab7102df67d773ffc3f497125fd2373c9da6a38dd",
    "src/addons/Olakunlevpn/JobSystem/XF/Entity/User.php": "0c63a3653850215db36f68b4a7b9caf33307ad9a0cd177be524fc98c32c27413",
    "src/addons/Olakunlevpn/JobSystem/_data/activity_summary_definitions.xml": "99d8c2563a31320d66f958fc8bda78613545f5f7959bb3cf5318805e3a3c39d2",
    "src/addons/Olakunlevpn/JobSystem/_data/admin_navigation.xml": "fed6492a52b4cba70ac88d7d6570647da54e72c16885d8f6f9bb3c2c58aca135",
    "src/addons/Olakunlevpn/JobSystem/_data/admin_permission.xml": "ec6fb97cebf0bceb24f1ed1d5778c1db54eeb7535fbb3e31d824840e7aa9ff87",
    "src/addons/Olakunlevpn/JobSystem/_data/advertising_positions.xml": "d2f7cbe844bb1df3cf878d22ff6306249245c8ff6b0b87b9b729744bec538261",
    "src/addons/Olakunlevpn/JobSystem/_data/api_scopes.xml": "6793eaf758f140e8137187ba20e65f4faccf53410433ae3ad7a8b3b38cb6b3b7",
    "src/addons/Olakunlevpn/JobSystem/_data/bb_codes.xml": "faa4ddd5f4a365e5ac39aebdcbe2d25aedf74e7eb9ea4a812766e2fd5e13bdb1",
    "src/addons/Olakunlevpn/JobSystem/_data/bb_code_media_sites.xml": "29762987990187b33e43cfb68c08dc917b2d3f0176613d78f8e6c453f82da3f3",
    "src/addons/Olakunlevpn/JobSystem/_data/class_extensions.xml": "b77d155855b541976741d502e7e9330d3b505e2f718f3739093621bc861d4a08",
    "src/addons/Olakunlevpn/JobSystem/_data/code_events.xml": "8370dec3df47f91df4cf79da253446ad11b29f4ea568fe76c774e97a0379f0eb",
    "src/addons/Olakunlevpn/JobSystem/_data/code_event_listeners.xml": "93e51f0acf32ad0479005b950313c04369e4d8fe70552964848332b705094102",
    "src/addons/Olakunlevpn/JobSystem/_data/content_type_fields.xml": "b0a407afb436a07ea6d9af02a0b8f5015cf4489baf218896841e62f549946749",
    "src/addons/Olakunlevpn/JobSystem/_data/cron.xml": "323c4284742ef24329cd6db6f288eb9736d2353f36852e1db12591e1583aea26",
    "src/addons/Olakunlevpn/JobSystem/_data/help_pages.xml": "a8a0c0b06cdc550438bc8a8d385af3e1e5ab3459877dfb934c1c31be59c89163",
    "src/addons/Olakunlevpn/JobSystem/_data/member_stats.xml": "89fb2b93ff1eca7a1f6f752248edf6090dfd24037db1446fd18ff7143f08124d",
    "src/addons/Olakunlevpn/JobSystem/_data/navigation.xml": "dc57a3d197e5d077aff200a491090b8f828c911525a23297e61ad8cb5e4ea73d",
    "src/addons/Olakunlevpn/JobSystem/_data/options.xml": "eec48802826911c947eba26d840cbfa0dd549c8ded8c26fe998a22d29ed8c3ef",
    "src/addons/Olakunlevpn/JobSystem/_data/option_groups.xml": "c1aa8d23920adcf8b8130f6bf499ab833d97f836b8217c402ecfb730fdc58ba1",
    "src/addons/Olakunlevpn/JobSystem/_data/permissions.xml": "51a267500e84fb3a6229a841ffc7aa09c38c518c164bda54551087bd4e629c16",
    "src/addons/Olakunlevpn/JobSystem/_data/permission_interface_groups.xml": "0884f2f2ee689ebec175036feff74ad961a7b6e933d3b706b9fee154ce05aa08",
    "src/addons/Olakunlevpn/JobSystem/_data/phrases.xml": "e3de785c9bbc4757e3a3ac341f2356b73ad580f2d5cee3d253b200137d065f03",
    "src/addons/Olakunlevpn/JobSystem/_data/routes.xml": "b144b556a3f98bba760680e8d6a0e0a9c84447f823486a3f62f4f94450e4a052",
    "src/addons/Olakunlevpn/JobSystem/_data/style_properties.xml": "8b8690a8512f01f219dd2da76e3d0c5f62afc1f317b87794a7331c859c36a7a8",
    "src/addons/Olakunlevpn/JobSystem/_data/style_property_groups.xml": "68e1879cb3846c42d978487aa8d5145ff3335fc39e58016878824d5cf3fd684c",
    "src/addons/Olakunlevpn/JobSystem/_data/templates.xml": "f6a8b8c0cb570dc0039bf196fd5e8c8f88ed25d3488ea192aae370911ac46bab",
    "src/addons/Olakunlevpn/JobSystem/_data/template_modifications.xml": "ff603a64807e763cfa4952c9162f5f4880fa0df281650ff5c1471959afd96184",
    "src/addons/Olakunlevpn/JobSystem/_data/widget_definitions.xml": "37e46965256430f24004c2e7f08ba08f9b0d1cbcc4d70e84b3f4e3ffb713e64b",
    "src/addons/Olakunlevpn/JobSystem/_data/widget_positions.xml": "a29cee66134f6bc5d75ed9df1eef21096c24401915c5b5c774389c3d7bb2d5b3"
}